store_nbr,family,date,shock_rate,avg_abs_z,changepoint_rate,oil_volatility,composite_risk_score
49,POULTRY,2017-08-15,0.011111111111111112,0.6954135858725631,0.0,0.01389388048377193,51.87595292741145
50,MEATS,2017-08-15,0.0,0.8288146942191501,0.0,0.01389388048377193,46.84709212621874
51,MEATS,2017-08-15,0.0,0.8146905509153359,0.0,0.01389388048377193,45.919618339567144
8,CLEANING,2017-08-15,0.0,0.7881098263273485,0.0,0.01389388048377193,44.042499296432844
44,CLEANING,2017-08-15,0.0,0.7877697614886602,0.0,0.01389388048377193,44.020720241996976
49,CLEANING,2017-08-15,0.0,0.783388039717337,0.0,0.01389388048377193,43.70305997954956
50,BREAD/BAKERY,2017-08-15,0.0,0.7640819592015551,0.0,0.01389388048377193,42.23856572451095
46,CLEANING,2017-08-15,0.0,0.7449030785519145,0.0,0.01389388048377193,40.70912672155998
50,PRODUCE,2017-08-15,0.0,0.7377935043186661,0.0,0.01389388048377193,40.15601722196809
50,CLEANING,2017-08-15,0.0,0.7374881603111785,0.0,0.01389388048377193,40.13109884437031
51,CLEANING,2017-08-15,0.0,0.7361490568176514,0.0,0.01389388048377193,40.0184756259362
48,MEATS,2017-08-15,0.0,0.7360995637015013,0.0,0.01389388048377193,40.01376664119331
3,CLEANING,2017-08-15,0.0,0.731878558866547,0.0,0.01389388048377193,39.675896985890994
50,POULTRY,2017-08-15,0.0,0.7285005501857403,0.0,0.01389388048377193,39.3998327553391
3,PRODUCE,2017-08-15,0.0,0.7275286349008288,0.0,0.01389388048377193,39.32213450708142
8,POULTRY,2017-08-15,0.0,0.7215101751053917,0.0,0.01389388048377193,38.840837024818605
47,MEATS,2017-08-15,0.0,0.7090039802381742,0.0,0.01389388048377193,37.84390571320939
51,GROCERY I,2017-08-15,0.0,0.7081634170720151,0.0,0.01389388048377193,37.775429226739874
51,PRODUCE,2017-08-15,0.0,0.7070036104537321,0.0,0.01389388048377193,37.68203436267256
47,CLEANING,2017-08-15,0.0,0.7066122856344772,0.0,0.01389388048377193,37.647501807891366
49,MEATS,2017-08-15,0.0,0.6940950951182939,0.0,0.01389388048377193,36.67745095085614
3,MEATS,2017-08-15,0.0,0.6935305732090277,0.0,0.01389388048377193,36.6346776727749
49,PRODUCE,2017-08-15,0.0,0.6905863186167518,0.0,0.01389388048377193,36.41512125913768
49,BEVERAGES,2017-08-15,0.0,0.6902716168430945,0.0,0.01389388048377193,36.390399089237505
47,POULTRY,2017-08-15,0.0,0.687998609877405,0.0,0.01389388048377193,36.22067943079587
8,BREAD/BAKERY,2017-08-15,0.0,0.6869699655171149,0.0,0.01389388048377193,36.15082949044301
47,GROCERY I,2017-08-15,0.0,0.6844513748265695,0.0,0.01389388048377193,35.969337370144146
51,BEVERAGES,2017-08-15,0.0,0.6839920815393198,0.0,0.01389388048377193,35.937944138524884
49,BREAD/BAKERY,2017-08-15,0.0,0.6836437010257798,0.0,0.01389388048377193,35.91302576092709
44,POULTRY,2017-08-15,0.0,0.6807014354214732,0.0,0.01389388048377193,35.700925239799446
3,POULTRY,2017-08-15,0.0,0.6805840791487281,0.0,0.01389388048377193,35.69229210110416
48,CLEANING,2017-08-15,0.0,0.6799833456533478,0.0,0.01389388048377193,35.6591330002063
48,POULTRY,2017-08-15,0.0,0.6793061810457253,0.0,0.01389388048377193,35.613416606660756
47,PRODUCE,2017-08-15,0.0,0.6777854239323591,0.0,0.01389388048377193,35.51138860389815
51,BREAD/BAKERY,2017-08-15,0.0,0.6762372232816181,0.0,0.01389388048377193,35.40013883934739
8,GROCERY I,2017-08-15,0.0,0.6736831985843966,0.0,0.01389388048377193,35.21805809595566
44,BEVERAGES,2017-08-15,0.0,0.6699431199263663,0.0,0.01389388048377193,34.97260226623255
49,GROCERY I,2017-08-15,0.0,0.6643998174319214,0.0,0.01389388048377193,34.620409449003944
46,POULTRY,2017-08-15,0.0,0.6628881628147126,0.0,0.01389388048377193,34.52309043098423
51,DAIRY,2017-08-15,0.0,0.6615157880000869,0.0,0.01389388048377193,34.44382252114559
44,MEATS,2017-08-15,0.0,0.6597482559211838,0.0,0.01389388048377193,34.32962964113052
46,GROCERY I,2017-08-15,0.0,0.6543689890765008,0.0,0.01389388048377193,34.00372865538305
8,MEATS,2017-08-15,0.0,0.6539982008835543,0.0,0.01389388048377193,33.98077235476146
45,CLEANING,2017-08-15,0.0,0.651988649916561,0.0,0.01389388048377193,33.86579464395591
45,MEATS,2017-08-15,0.0,0.6487606470525817,0.0,0.01389388048377193,33.69234703925949
8,PRODUCE,2017-08-15,0.0,0.6471408888384624,0.0,0.01389388048377193,33.607977729282716
50,GROCERY I,2017-08-15,0.0,0.6393307672704727,0.0,0.01389388048377193,33.221252357272924
48,PRODUCE,2017-08-15,0.0,0.6367123310884735,0.0,0.01389388048377193,33.09548322309825
48,GROCERY I,2017-08-15,0.0,0.6364589613843178,0.0,0.01389388048377193,33.081356268869584
46,DAIRY,2017-08-15,0.0,0.6348614435256028,0.0,0.01389388048377193,33.009936666935765
49,DAIRY,2017-08-15,0.0,0.6347842643739537,0.0,0.01389388048377193,33.006012512983354
46,MEATS,2017-08-15,0.0,0.6327520618726415,0.0,0.01389388048377193,32.91281385661367
44,GROCERY I,2017-08-15,0.0,0.631343174396853,0.0,0.01389388048377193,32.85198947035134
45,BEVERAGES,2017-08-15,0.0,0.6298670141141803,0.0,0.01389388048377193,32.78194332230086
45,POULTRY,2017-08-15,0.0,0.6281127278236465,0.0,0.01389388048377193,32.70267541246222
3,DAIRY,2017-08-15,0.0,0.6278708868096948,0.0,0.01389388048377193,32.6899219121169
47,DAIRY,2017-08-15,0.0,0.6240599657884385,0.0,0.01389388048377193,32.52844297697532
50,BEVERAGES,2017-08-15,0.0,0.6236273733184319,0.0,0.01389388048377193,32.50960703800376
47,BREAD/BAKERY,2017-08-15,0.0,0.6212405376592562,0.0,0.01389388048377193,32.414838720053105
50,DAIRY,2017-08-15,0.0,0.6166387745869781,0.0,0.01389388048377193,32.25080908484246
44,PRODUCE,2017-08-15,0.0,0.6159327869727301,0.0,0.01389388048377193,32.22530208415181
44,BREAD/BAKERY,2017-08-15,0.0,0.6117186342406588,0.0,0.01389388048377193,32.08854531891039
45,PRODUCE,2017-08-15,0.0,0.6069227910724517,0.0,0.01389388048377193,31.94021229950938
3,GROCERY I,2017-08-15,0.0,0.606876612083534,0.0,0.01389388048377193,31.939035053323657
8,DAIRY,2017-08-15,0.0,0.6058611479597626,0.0,0.01389388048377193,31.90528732933295
46,BREAD/BAKERY,2017-08-15,0.0,0.6016596615954468,0.0,0.01389388048377193,31.775005418113007
47,BEVERAGES,2017-08-15,0.0,0.5941114367602149,0.0,0.01389388048377193,31.5527020967091
46,BEVERAGES,2017-08-15,0.0,0.5911209036027486,0.0,0.01389388048377193,31.470098656010915
48,BEVERAGES,2017-08-15,0.0,0.5894576279595861,0.0,0.01389388048377193,31.428306416417772
8,BEVERAGES,2017-08-15,0.0,0.5890889752100787,0.0,0.01389388048377193,31.41849603153675
48,DAIRY,2017-08-15,0.0,0.5836348305240542,0.0,0.01389388048377193,31.28703687413109
3,BEVERAGES,2017-08-15,0.0,0.5804780566924993,0.0,0.01389388048377193,31.209927248966274
45,GROCERY I,2017-08-15,0.0,0.5756041402578552,0.0,0.01389388048377193,31.10201301527506
3,BREAD/BAKERY,2017-08-15,0.0,0.5753499324722094,0.0,0.01389388048377193,31.094753330463103
48,BREAD/BAKERY,2017-08-15,0.0,0.5738418691891869,0.0,0.01389388048377193,31.06120181417002
46,PRODUCE,2017-08-15,0.0,0.5685688306208229,0.0,0.01389388048377193,30.948774803433533
45,DAIRY,2017-08-15,0.0,0.5588913543855949,0.0,0.01389388048377193,30.75904195983461
45,BREAD/BAKERY,2017-08-15,0.0,0.5301115259579322,0.0,0.01389388048377193,30.35897446438663
44,DAIRY,2017-08-15,0.0,0.5165722097841472,0.0,0.01389388048377193,30.22437598381904
51,POULTRY,2017-08-15,0.0,0.3987195879102272,0.0,0.01389388048377193,29.718356331656047
